--
-- PostgreSQL database dump
--

\restrict 4vem4fErciDBfczveCtFACSMqNbd1jgUakO0z5bZW4YaB0c0A5Hy45h9eR7W5MY

-- Dumped from database version 18.1
-- Dumped by pg_dump version 18.1

-- Started on 2026-01-19 08:52:00

SET statement_timeout = 0;
SET lock_timeout = 0;
SET idle_in_transaction_session_timeout = 0;
SET transaction_timeout = 0;
SET client_encoding = 'UTF8';
SET standard_conforming_strings = on;
SELECT pg_catalog.set_config('search_path', '', false);
SET check_function_bodies = false;
SET xmloption = content;
SET client_min_messages = warning;
SET row_security = off;

--
-- TOC entry 9 (class 2615 OID 27893)
-- Name: frm; Type: SCHEMA; Schema: -; Owner: postgres
--

CREATE SCHEMA frm;


ALTER SCHEMA frm OWNER TO postgres;

SET default_tablespace = '';

SET default_table_access_method = heap;

--
-- TOC entry 267 (class 1259 OID 28220)
-- Name: facils; Type: TABLE; Schema: frm; Owner: postgres
--

CREATE TABLE frm.facils (
    fcl_xfrm_id integer NOT NULL,
    fcl_facil character varying(255) NOT NULL
);


ALTER TABLE frm.facils OWNER TO postgres;

--
-- TOC entry 268 (class 1259 OID 28225)
-- Name: firmz; Type: TABLE; Schema: frm; Owner: postgres
--

CREATE TABLE frm.firmz (
    frm_id integer NOT NULL,
    frm_name character varying NOT NULL,
    frm_entity character varying(255),
    frm_type character varying(255),
    frm_group character varying(255),
    frm_emp integer,
    frm_points integer,
    frm_black boolean,
    frm_notes text,
    frm_id_old integer,
    frm_ntn character varying,
    frm_gst character varying
);


ALTER TABLE frm.firmz OWNER TO postgres;

--
-- TOC entry 269 (class 1259 OID 28232)
-- Name: firmz_1_frm_id_seq; Type: SEQUENCE; Schema: frm; Owner: postgres
--

ALTER TABLE frm.firmz ALTER COLUMN frm_id ADD GENERATED BY DEFAULT AS IDENTITY (
    SEQUENCE NAME frm.firmz_1_frm_id_seq
    START WITH 1
    INCREMENT BY 1
    NO MINVALUE
    NO MAXVALUE
    CACHE 1
);


--
-- TOC entry 270 (class 1259 OID 28233)
-- Name: info; Type: TABLE; Schema: frm; Owner: postgres
--

CREATE TABLE frm.info (
    inf_xmsc_id integer NOT NULL,
    inf_xmsc_entity character varying(255) NOT NULL,
    inf_type character varying(255) NOT NULL,
    inf_value character varying(255) NOT NULL
);


ALTER TABLE frm.info OWNER TO postgres;

--
-- TOC entry 271 (class 1259 OID 28242)
-- Name: offices; Type: TABLE; Schema: frm; Owner: postgres
--

CREATE TABLE frm.offices (
    off_id integer NOT NULL,
    off_entity character varying(255),
    off_xfrm_id integer,
    off_name character varying(255),
    off_type character varying(255),
    off_address text,
    off_city character varying(255)
);


ALTER TABLE frm.offices OWNER TO postgres;

--
-- TOC entry 272 (class 1259 OID 28248)
-- Name: offices_1_off_id_seq; Type: SEQUENCE; Schema: frm; Owner: postgres
--

ALTER TABLE frm.offices ALTER COLUMN off_id ADD GENERATED ALWAYS AS IDENTITY (
    SEQUENCE NAME frm.offices_1_off_id_seq
    START WITH 56
    INCREMENT BY 1
    NO MINVALUE
    NO MAXVALUE
    CACHE 1
);


--
-- TOC entry 273 (class 1259 OID 28249)
-- Name: persons; Type: TABLE; Schema: frm; Owner: postgres
--

CREATE TABLE frm.persons (
    per_id integer NOT NULL,
    per_entity character varying(255),
    per_xfrm_id integer,
    per_title character varying(255),
    per_name character varying(50),
    per_desig character varying(255),
    per_dept character varying(255),
    per_exprt character varying(255)
);


ALTER TABLE frm.persons OWNER TO postgres;

--
-- TOC entry 274 (class 1259 OID 28255)
-- Name: persons_1_per_id_seq; Type: SEQUENCE; Schema: frm; Owner: postgres
--

ALTER TABLE frm.persons ALTER COLUMN per_id ADD GENERATED ALWAYS AS IDENTITY (
    SEQUENCE NAME frm.persons_1_per_id_seq
    START WITH 27
    INCREMENT BY 1
    NO MINVALUE
    NO MAXVALUE
    CACHE 1
);


--
-- TOC entry 275 (class 1259 OID 28256)
-- Name: projects; Type: TABLE; Schema: frm; Owner: postgres
--

CREATE TABLE frm.projects (
    prj_xfrm_id integer NOT NULL,
    prj_name character varying(255) NOT NULL,
    prj_scope character varying(255),
    prj_awarddt timestamp with time zone,
    prj_status character varying(255),
    prj_compdt timestamp with time zone,
    prj_tech character varying(255),
    prj_cost integer
);


ALTER TABLE frm.projects OWNER TO postgres;

--
-- TOC entry 276 (class 1259 OID 28263)
-- Name: specs; Type: TABLE; Schema: frm; Owner: postgres
--

CREATE TABLE frm.specs (
    spc_xfrm_id integer NOT NULL,
    spc_spec character varying(255) NOT NULL
);


ALTER TABLE frm.specs OWNER TO postgres;

--
-- TOC entry 5265 (class 0 OID 28220)
-- Dependencies: 267
-- Data for Name: facils; Type: TABLE DATA; Schema: frm; Owner: postgres
--

COPY frm.facils (fcl_xfrm_id, fcl_facil) FROM stdin;
\.


--
-- TOC entry 5266 (class 0 OID 28225)
-- Dependencies: 268
-- Data for Name: firmz; Type: TABLE DATA; Schema: frm; Owner: postgres
--

COPY frm.firmz (frm_id, frm_name, frm_entity, frm_type, frm_group, frm_emp, frm_points, frm_black, frm_notes, frm_id_old, frm_ntn, frm_gst) FROM stdin;
1	AFM Traders	firm	Private company		\N	\N	f		\N	\N	\N
2	Ahmer Masood Ansari Ltd	firm	Private company		\N	\N	f		\N	\N	\N
3	Al Hasan Enterprises	firm	Private company		\N	\N	f		\N	\N	\N
4	Al Raziq Enterprises	firm	Private company		\N	\N	f		\N	\N	\N
47	Mandviwalla Motors	firm	Private company		\N	\N	f		\N	0711046-4	1200870300173
7	Alsons	firm	Private company		\N	\N	f		\N	\N	\N
9	Bismillah Mobile	firm	Private company		\N	\N	f		\N	\N	\N
10	CCW Compresror	firm	Private company		\N	\N	f		\N	\N	\N
11	CEMON	firm	Private company		\N	\N	f		\N	\N	\N
14	D-Cube	firm	Private company		\N	\N	f		\N	\N	\N
8	Axpert Vision (Pvt) Ltd	firm	Private company		\N	\N	f		\N	7884190-1	3277876142020
19	Eram International	firm	Private company		\N	\N	f		\N	\N	\N
20	GM Enterprises	firm	Private company		\N	\N	f		\N	\N	\N
25	Javed News Agency	firm	Private company		\N	\N	f		\N	\N	\N
26	JS Traders	firm	Private company		\N	\N	f		\N	\N	\N
27	M M Corporation	firm	Private company		\N	\N	f		\N	\N	\N
28	Naseeb Online Services (Pvt) Ltd	firm	Private company		\N	\N	f		\N	\N	\N
29	Naveed Kapadia	firm	Private company		\N	\N	f		\N	\N	\N
30	Pak Impex Corporation	firm	Private company		\N	\N	f		\N	\N	\N
32	Prime Technologies	firm	Private company		\N	\N	f		\N	\N	\N
33	Rastek Technologies	firm	Private company		\N	\N	f		\N	\N	\N
36	Rozee.Pk	firm	Private company		\N	\N	f		\N	\N	\N
37	Supreme Scaffolding	firm	Private company		\N	\N	f		\N	\N	\N
39	Technobird	firm	Private company		\N	\N	f		\N	\N	\N
41	TP Link Ltd	firm	Private company		\N	\N	f		\N	\N	\N
42	Vast Technologies	firm	Private company		\N	\N	f		\N	\N	\N
43	Waseem Electronics	firm	Private company		\N	\N	f		\N	\N	\N
44	Zufa Traders	firm	Private company		\N	\N	f		\N	\N	\N
45	Razi & Sons	firm	Private company		\N	\N	f		\N	\N	\N
46	Saifko	firm	Private company		\N	\N	f		\N	\N	\N
48	Shaz Traders	firm	Private company		\N	\N	f		\N	\N	\N
49	Furqan and Rashad	firm	Private company		\N	\N	f		\N	\N	\N
51	PCSIR	firm	Private company		\N	\N	f		\N	\N	\N
52	Waheed Sons	firm	Private company		\N	\N	f		\N	\N	\N
53	Kamran Engineering	firm	Private company		\N	\N	f		\N	\N	\N
56	RWR	firm	Private company		\N	\N	f		\N	\N	\N
57	A T Engineering	firm	Private company		\N	\N	f		\N	\N	\N
59	Nadeem Power Solutions	firm	Private company		\N	\N	f		\N	\N	\N
54	Macro Care	firm	Private company		\N	\N	f		\N	1486411-8	1200850500555
61	Nova Marines	firm	Private company		\N	\N	f		\N	\N	\N
64	PES Engineering	firm	Private company		\N	\N	f		\N	\N	\N
65	R&D Engineering Company	firm	Private company		\N	\N	f		\N	\N	\N
69	Farooq & Sons	firm	Private company		\N	\N	f		\N	\N	\N
71	Syed Consultant	firm	Private company		\N	\N	f		\N	\N	\N
72	Lion Wave Solutions	firm	Private company		\N	\N	f		\N	\N	\N
73	Gismos and Gadgets	firm	Private company		\N	\N	f		\N	\N	\N
75	Tooba Enterprises	firm	Private company		\N	\N	f		\N	\N	\N
76	Ghulam Muhammad & Co 	firm	Private company		\N	\N	f		\N	\N	\N
79	Sakura Engineering Services Co.	firm	Private company		\N	\N	f		\N	\N	\N
80	Mabool Construction Company	firm	Private company		\N	\N	f		\N	\N	\N
81	S Touseef Contractor	firm	Private company		\N	\N	f		\N	\N	\N
83	Maqbool Construction Company	firm	Private company		\N	\N	f		\N	\N	\N
84	Subhan Construction	firm	Private company		\N	\N	f		\N	\N	\N
85	Centech Traders	firm	Private company		\N	\N	f		\N	\N	\N
86	Britlite	firm	Private company		\N	\N	f		\N	\N	\N
87	Super Engineering	firm	Private company		\N	\N	f		\N	\N	\N
90	Cavalair Engineering	firm	Private company		3	\N	f		11	\N	\N
88	Adil Enterprises	firm	Private company		\N	\N	f		\N	2567865-5	2300256786513
93	Karachi R&D	firm	Private company		\N	\N	f		10	\N	\N
94	Sig2Sol	firm	Private company		\N	\N	f		18	\N	\N
95	Signatics	firm	Private company		\N	\N	f		14	\N	\N
96	Solunox	firm	Private company		\N	\N	f		19	\N	\N
97	Wonder Tree	firm	Private company		\N	\N	f		21	\N	\N
67	Speed Tech Services	firm	Private company		\N	\N	f		\N	\N	\N
-1	Miscellaneous	special	special	\N	\N	\N	f	\N	\N	\N	\N
-3	Direct payment	special	special		\N	\N	f		\N	\N	\N
0	< Select Firm >	special	special	\N	\N	\N	f	\N	\N	\N	\N
74	Axis Electronics	firm	Private company		\N	\N	f		\N	\N	\N
63	Coolant Engineering	firm	Private company		\N	\N	f		\N	\N	\N
68	Cosmos Engineering	firm	Private company		\N	\N	f		\N	\N	\N
31	Prestige Trading Group	firm	Private company		\N	\N	f		\N	3093185-1	1700309318551
23	Integrated Dynamics	firm	Private company		\N	\N	f		\N	\N	\N
21	Huzaifa Ahmed Associates	firm	Private company		\N	\N	f		\N	\N	\N
99	Lotus Traders	firm	Private company	\N	\N	\N	f	\N	\N	\N	\N
101	Teknika (Pvt) Corporation of Pakistan	firm	Private company	\N	\N	\N	f	\N	\N	\N	\N
34	Research & Development Engg Co	firm	Private company		\N	\N	f		\N	1270329-0	1200840000473
17	Electromech Engineering Pakistan	firm	Private company		\N	\N	f		\N	3418240-3	17003411824013
92	Digitekk	firm	Private company		\N	\N	f		12	6909206-5	03277876205555
58	Fast Engineering & Services	firm	Private company		\N	\N	f		\N	3836003-9	03277876117398
89	Amreli Steels Limited	firm	Private company		\N	\N	f		\N	3401070-4	0206721300182
35	RIMS (Pvt) Ltd	firm	Private company		\N	\N	f		\N	7147826-8	03277876125011
40	Telec Electronics & Machinery (Pvt) Ltd	firm	Private company		\N	\N	f		\N	0712371-0	1221999949737
50	Dynamic Tools Services	firm	Private company		\N	\N	f		\N	0902072-1	0070182001773
18	Epesol (Pvt) Ltd	firm	Private company		\N	\N	f		\N	3348414-7	0300980003237
13	Cruise Aerospace	firm	Private company		\N	\N	f		\N	7954188-6	3277876144674
100	Tariq & Co.	firm	Private company	\N	\N	\N	f	\N	\N	4175866-8	3277876141323
66	ADI Enterprises	firm	Private company		\N	\N	f		\N	7985023-7	3778762366687
55	Tramiq International (Pvt) Ltd	firm	Private company		\N	\N	f		\N	0871771-5	3277876231827
208	ALI TRADERS	\N	\N	\N	\N	\N	\N	\N	\N	\N	\N
209	DIGITEKK VISION	\N	\N	\N	\N	\N	\N	\N	\N	\N	\N
104	Four Brothers	firm	Private company	\N	\N	\N	f	\N	\N	\N	\N
124	KC&GS	firm	Private company	\N	\N	\N	f	\N	\N	\N	\N
125	J&B Enterprises Engineering and Logistic Services	firm	Private company	\N	\N	\N	f	\N	\N	\N	\N
127	QVISE	firm	Private company	\N	\N	\N	f	\N	\N	\N	\N
126	Htech Solutions	firm	Private company	\N	\N	\N	f	\N	\N	\N	\N
102	Climax Marketing	firm	Private company	\N	\N	\N	f	\N	\N	\N	\N
109	Arsalan Brothers	firm	Private company	\N	\N	\N	f	\N	\N	\N	\N
118	Continental Traders	firm	Private company	\N	\N	\N	f	\N	\N	\N	\N
167	Faiz International Technical Services & Supplies	firm	Private company	\N	\N	\N	f	\N	\N	0617309-8	1200850062828
122	Haidar Engineering Solution	firm	Private company	\N	\N	\N	f	\N	\N	\N	\N
103	Hawks Enterprises	firm	Private company	\N	\N	\N	f	\N	\N	\N	\N
22	Huzaifa Hammad Associates	firm	Private company		\N	\N	f		\N	\N	\N
119	International Scientific Store	firm	Private company	\N	\N	\N	f	\N	\N	\N	\N
114	Lucky Cement	firm	Private company	\N	\N	\N	f	\N	\N	\N	\N
147	Komputer Korner	firm	Private company	\N	\N	\N	f	\N	\N	1347793-5	0701850043337
113	Pakbaz Engineering	firm	Private company	\N	\N	\N	f	\N	\N	\N	\N
112	Riaz ud Din Engineering (Pvt) Ltd	firm	Private company	\N	\N	\N	f	\N	\N	\N	\N
120	Scales Centre	firm	Private company	\N	\N	\N	f	\N	\N	\N	\N
136	Renovo Tex Consultants (Pvt) Ltd	firm	Private company	\N	\N	\N	f	\N	\N	\N	\N
138	UN Enterprises	firm	Private company	\N	\N	\N	f	\N	\N	\N	\N
139	Tooling Technologies & Services	firm	Private company	\N	\N	\N	f	\N	\N	\N	\N
141	Marwat Construction Company	firm	Private company	\N	\N	\N	f	\N	\N	\N	\N
107	Yaseen Trading Co	firm	Private company	\N	\N	\N	f	\N	\N	\N	\N
142	Titan Engineering Services	firm	Private company	\N	\N	\N	f	\N	\N	\N	\N
153	MSN Enterprises	firm	Private company	\N	\N	\N	f	\N	\N	\N	\N
155	Facetious Computer	firm	Private company	\N	\N	\N	f	\N	\N	\N	\N
156	Technical Supply Services	firm	Private company	\N	\N	\N	f	\N	\N	\N	\N
157	Five Star Suppliers (Pvt) Ltd	firm	Private company	\N	\N	\N	f	\N	\N	\N	\N
158	Umar Enterprises	firm	Private company	\N	\N	\N	f	\N	\N	\N	\N
137	Mass Enterprises	firm	Private company	\N	\N	\N	f	\N	\N	\N	\N
143	eForte Technology Horizons	firm	Private company	\N	\N	\N	f	\N	\N	2286690-6	\N
77	Nathiagali Mess	firm	Mess		\N	\N	f		\N	\N	\N
145	Hafeez Brothers	firm	Private company	\N	\N	\N	f	\N	\N	\N	\N
24	Iqra Orient	firm	Private company		\N	\N	f		\N	4340032-9	3277876158376
149	Franco Ferri & Co Pakistan (Pvt) Ltd	firm	Private company	\N	\N	\N	f	\N	\N	\N	\N
134	NAZIR Enterprises	firm	Private company	\N	\N	\N	f	\N	\N	\N	\N
133	TMCS	firm	Private company	\N	\N	\N	f	\N	\N	\N	\N
132	Superior Enterprises	firm	Private company	\N	\N	\N	f	\N	\N	\N	\N
131	Converging Systems 	firm	Private company	\N	\N	\N	f	\N	\N	\N	\N
130	2D Tech Pvt Ltd	firm	Private company	\N	\N	\N	f	\N	\N	\N	\N
129	Navitec Digitals	firm	Private company	\N	\N	\N	f	\N	\N	\N	\N
128	Shaheen Engineering Services	firm	Private company	\N	\N	\N	f	\N	\N	\N	\N
123	Unity Engineering (Pvt) Ltd	firm	Private company	\N	\N	\N	f	\N	\N	\N	\N
163	ARS & Sons	firm	Private company	\N	\N	\N	f	\N	\N	1451116-9	\N
108	SASA Metal Inustries	firm	Private company	\N	\N	\N	f	\N	\N	1158871-3	1200830020937
175	Ayk (Pvt) Ltd	firm	Private company	\N	\N	\N	f	\N	\N	\N	\N
169	Rahat Pen	firm	Private company	\N	\N	\N	f	\N	\N	3626631-7	1700380072410
177	AJK Traders	firm	Private company	\N	\N	\N	f	\N	\N	3588890-3	\N
192	Smart Solution Engineering	firm	Private company	\N	\N	\N	f	\N	\N	6840657-0	\N
179	Hexahedron Engineering & Technology	firm	Private company	\N	\N	\N	f	\N	\N	8866233-3	\N
178	Karachi Shipyard & Engineering Works LTD	firm	Government agency	\N	\N	\N	f	\N	\N	\N	\N
197	U A  Rent a Car	firm	Private company	\N	\N	\N	f	\N	\N	\N	\N
161	AA Enterprises Contractor & General Order Supplier 	firm	Private company	\N	\N	\N	f	\N	\N	\N	\N
172	Win-Tec	firm	Private company	\N	\N	\N	f	\N	\N	\N	\N
185	Fahmee Traders	firm	Private company	\N	\N	\N	f	\N	\N	1406515-7	\N
105	AURA Engineering	firm	Private company	\N	\N	\N	f	\N	\N	\N	\N
165	Avionics Expert	firm	Private company	\N	\N	\N	f	\N	\N	0536226-9	3277876166351
152	M H Shah Enterprises	firm	Private company	\N	\N	\N	f	\N	\N	3594687-3	3277876214249
140	A&K Construction Company	firm	Private company	\N	\N	\N	f	\N	\N	3840321-4	\N
146	Pascal Engineering	firm	Private company	\N	\N	\N	f	\N	\N	0987949-8	\N
135	Zartex International	firm	Private company	\N	\N	\N	f	\N	\N	3322549-4	3277876197623
115	Core Engineering Services	firm	Private company	\N	\N	\N	f	\N	\N	2945288-6	\N
98	Lucky Paragon Readymix	firm	Private company	\N	\N	\N	f	\N	\N	2747478-0	\N
191	Hexatec	firm	Private company	\N	\N	\N	f	\N	\N	8866233-0	\N
193	Industrial Equipments	firm	Private company	\N	\N	\N	f	\N	\N	0677111-4	\N
164	ARS & Sons Enterprises	firm	Private company	\N	\N	\N	f	\N	\N	1451116-9	\N
110	Shoven Engineering & Construction (Pvt) Ltd	firm	Private company	\N	\N	\N	f	\N	\N	8065584-0	3277876269298
154	Facetion Computer	firm	Private company	\N	\N	\N	f	\N	\N	\N	\N
168	Hamza Enterprises	firm	Private company	\N	\N	\N	f	\N	\N	\N	\N
170	Asian Computer Network	firm	Private company	\N	\N	\N	f	\N	\N	\N	\N
189	Rana Traders	firm	Private company	\N	\N	\N	f	\N	\N	\N	\N
148	Khicrete Private Limited	firm	Private company	\N	\N	\N	f	\N	\N	\N	\N
176	Nadeem Electronics	firm	Private company	\N	\N	\N	f	\N	\N	\N	\N
116	M N Construction Services	firm	Private company	\N	\N	\N	f	\N	\N	\N	\N
188	Zaib Technologies	firm	Private company	\N	\N	\N	f	\N	\N	\N	\N
186	Cartel Trade International	firm	Private company	\N	\N	\N	f	\N	\N	\N	\N
184	Scenario International	firm	Private company	\N	\N	\N	f	\N	\N	\N	\N
183	Yaman Trade and Service	firm	Private company	\N	\N	\N	f	\N	\N	\N	\N
195	Kinetic Engineering Company	firm	Private company	\N	\N	\N	f	\N	\N	\N	\N
180	Al Rehman Traders	firm	Private company	\N	\N	\N	f	\N	\N	\N	\N
171	Shah & Sons Traders	firm	Private company	\N	\N	\N	f	\N	\N	9961530-0	3277876302648
181	Giant Enterprises	firm	Private company	\N	\N	\N	f	\N	\N	\N	\N
160	NRDI Tea Bar	firm	Mess	\N	\N	\N	f	\N	\N	\N	\N
82	Shahid Maqbool (Pvt) Ltd	firm	Private company		\N	\N	f		\N	5529435-6	3277876253782
151	Laboratory Scientific Supplies (Pvt) Limited	firm	Laboratory	\N	\N	\N	f	\N	\N	\N	\N
121	Hadi & Co Engineering Services	firm	Private company	\N	\N	\N	f	\N	\N	\N	\N
60	Adams Advanced Materials & Services	firm	Private company		\N	\N	f		\N	\N	\N
190	HBR Multi Solution	firm	Private company	\N	\N	\N	f	\N	\N	0280164-3	3277876321054
62	Karamad Engineering Services	firm	Private company		\N	\N	f		\N	0538952-6	\N
210	zaavia solution	\N	\N	\N	\N	\N	\N	\N	\N	\N	\N
211	electro dynamic works	\N	\N	\N	\N	\N	\N	\N	\N	\N	\N
212	M/s AL-Karam Squares	firm	Private company	\N	\N	\N	f	\N	\N	\N	\N
213	Growell Technologies Private Limited	\N	\N	\N	\N	\N	\N	\N	\N	\N	\N
214	Trade Linker (Pvt) Ltd	\N	\N	\N	\N	\N	\N	\N	\N	\N	\N
91	Data Communication Control	firm	Private company		\N	\N	f		15	\N	\N
200	Auriga	firm	Private company	\N	\N	\N	f	\N	\N	7686848-2	\N
205	Zubair & Brothers	firm	Private company	\N	\N	\N	f	\N	\N	\N	\N
204	The Ocean Traders	firm	Private company	\N	\N	\N	f	\N	\N	\N	\N
196	A A Communication	firm	Private company	\N	\N	\N	f	\N	\N	\N	\N
166	Mateen Enterprises 	firm	Private company	\N	\N	\N	f	\N	\N	\N	\N
187	Adil Trading Corporation	firm	Private company	\N	\N	\N	f	\N	\N	\N	\N
182	Global Empire Enterprises	firm	Private company	\N	\N	\N	f	\N	\N	\N	\N
173	S A Engineering Works	firm	Private company	\N	\N	\N	f	\N	\N	\N	\N
203	Mashallah Engineering Works	firm	Private company	\N	\N	\N	f	\N	\N	\N	\N
194	B B Associates	firm	Private company	\N	\N	\N	f	\N	\N	\N	\N
202	Ali Engineering Services	firm	Private company	\N	\N	\N	f	\N	\N	\N	\N
201	Empirical Engineering Services	firm	Private company	\N	\N	\N	f	\N	\N	\N	\N
199	Adnan Trading Co	firm	Private company	\N	\N	\N	f	\N	\N	\N	\N
162	Quality Vertex  Integrated System Engineering Pvt Ltd 	firm	Private company	\N	\N	\N	f	\N	\N	\N	\N
206	Z A Vision	firm	Private company	\N	\N	\N	f	\N	\N	\N	\N
174	Shaz Engineering Services	firm	Private company	\N	\N	\N	f	\N	\N	9531111-3	4250138954355
5	Al Umar Enterprises	firm	Private company		\N	\N	f		\N	6636879-0	3277876195516
12	Crown Systems	firm	Private company		\N	\N	f		\N	1229988-0	1200999967673
15	Digimac HI-Technologies	firm	Private company		\N	\N	f		\N	0340651-2	0702850054791
215	unicef	firm	Private company	\N	\N	\N	f	\N	\N	\N	\N
216	salmanco	firm	Private company	\N	\N	\N	f	\N	\N	\N	\N
\.


--
-- TOC entry 5268 (class 0 OID 28233)
-- Dependencies: 270
-- Data for Name: info; Type: TABLE DATA; Schema: frm; Owner: postgres
--

COPY frm.info (inf_xmsc_id, inf_xmsc_entity, inf_type, inf_value) FROM stdin;
196	firm	Mobile	+923212447596
196	firm	Landline	+922134687994
191	firm	Mobile	+3172825384
191	firm	Landline	+924235712954
135	firm	Email	zartexinternational@gmail.com
66	firm	Email	adieauineral@gmail.com
89	firm	Landline	+922138798328
89	firm	Email	info@amrlisteels.com
89	firm	Website	www.amrelisteels.com
12	firm	Landline	+922134913725
12	firm	Landline	+922134933426
12	firm	Email	info@crownsystems.org
12	firm	Website	www.crownsystems.org
34	firm	Email	md@r-and-d.com.pk
147	firm	Email	mail@komputerkorner.net
147	firm	Website	www.komputerkorner.net
54	firm	Mobile	+923212500430
54	firm	Landline	+922134550794
88	firm	Email	info@adilenterprises.org.pk
88	firm	Website	www.adilenterprises.org.pk
12	firm	Mobile	+923332348004
173	firm	Mobile	+923460359158
173	firm	Landline	+922132733176
173	firm	Email	zkhan2270@yahoo.com
2	firm	Mobile	+923002624690
62	firm	Mobile	+923462656860
62	firm	Email	info@karamad.pk
62	firm	Website	www.karamd.pk
55	firm	Landline	+922135300262
55	firm	Website	www.traiq.com
71	firm	Mobile	+923168055840
59	firm	Mobile	+923002288875
212	firm	Mobile	+923002288875
12	person	Mobile	+923332225898
13	person	Mobile	+923658745877
12	person	Mobile	+923042225898
12	person	Email	hussain.sajjad@telec.com.pk
16	person	Mobile	+923333215911
93	firm	Landline	+092215061004
93	firm	Landline	+092215067668
93	firm	Fax	+092215066416
92	firm	Landline	+922132553111
92	firm	Landline	+922132553112
92	firm	Mobile	+923002581111
92	firm	Email	info@digitekkengineering.pk
23	firm	Email	info@idaerospace.com
95	firm	Mobile	+923005117778
95	firm	Landline	+920518444748
95	firm	Email	info@signatics-solution.com
91	firm	Landline	+922135873437
8	firm	Website	www.axpervision.com
8	firm	Email	info@axpertvision.com
8	firm	Landline	+922135070061
8	firm	Landline	+922135070062
8	firm	Landline	+922135070063
8	firm	Fax	+922135070065
94	firm	Website	www.Sig2Sol.com
96	firm	Mobile	+923332276437
97	firm	Landline	+092134312051
18	firm	Email	info@epesol.com
18	firm	Landline	+924235884232
2	firm	Mobile	+923122450005
42	office	Landline	+922135217201
42	office	Fax	+922135680908
42	office	Email	sales@telec.com.pk
42	office	Website	www.telec.com.pk
43	office	Landline	+923512546054
43	office	Fax	+923515731331
42	office	Landline	+922135224219
43	office	Website	www.telec.com.pk
43	office	Email	sales@telec.com.pk
48	office	Landline	+920518444748
50	office	Mobile	+923009247888
55	office	Landline	+092134312051
55	office	Email	info@wondertree.co
66	office	Email	info@dts.com.pk
70	office	Landline	+922136962524
72	office	Landline	+922135863707
62	office	Mobile	+923452490557
71	office	Mobile	+923120012471
79	office	Landline	+922134933426
79	office	Landline	+922134913725
79	office	Email	info@crownsystems.org
79	office	Website	www.crownsystems.org
51	office	Landline	+922135248624
18	firm	Website	www.epesol.com
5	firm	Mobile	+923159150161
5	firm	Email	alumerenterprises2019@gmail.com
40	firm	Landline	+922135217201
40	firm	Email	sales@telec.com.pk
40	firm	Website	www.telect.com.pk
24	firm	Mobile	+923212066521
24	firm	Email	ops@iqraorient.com
24	firm	Email	iqraorient@gamil.com
190	firm	Mobile	+923173306559
190	firm	Email	hbrmultisolution@gmail.com
162	firm	Mobile	+923028285812
162	firm	Landline	+922135300262
162	firm	Website	www.qvise.com
162	firm	Email	infor@qvise.com
185	firm	Mobile	+923452490557
185	firm	Email	muhammadtaqi4768@gamil.com
31	firm	Mobile	+923454930530
31	firm	Mobile	+923002233984
58	firm	Mobile	+923006964323
58	firm	Email	fastengineeringservices@hotmail.com
58	firm	Website	www.fes.net.pk
163	firm	Mobile	+923212768492
163	firm	Email	arsandsons@hotmail.com
35	firm	Website	www.rimsedu.co
108	firm	Landline	+922135065840
108	firm	Landline	+922135065842
108	firm	Email	sasaindustries@hotmail.com
108	firm	Website	www.sada-pak.com
68	firm	Landline	+922199245096
68	firm	Email	cosmos_engg@yahoo.com
68	firm	Email	info@cosmosengineering.com.pk
20	firm	Mobile	+923432575081
20	firm	Mobile	+923120012471
20	firm	Landline	+922136982767
100	firm	Mobile	+923327140822
100	firm	Mobile	+923166188686
100	firm	Email	muhammadtari.05@gmail.com
171	firm	Mobile	+923406093665
171	firm	Email	shahnafees08@gmail.com
174	firm	Mobile	+923348229292
174	firm	Email	total_solve@yahoo.com
177	firm	Mobile	+923002525270
177	firm	Email	mk6787953@gmail.com
52	firm	Landline	+922135381503
52	firm	Email	imran@waheedson.com
52	firm	Website	www.waheedson.com
82	firm	Mobile	+923323008436
82	firm	Email	shahidmaqboolkhan26@gmail.com
192	firm	Mobile	+923316469431
197	firm	Mobile	+923002108904
197	firm	Landline	+922136615524
197	firm	Website	www.uarentacar039.com
197	firm	Email	uarentacar039@gmail.com
193	firm	Landline	+922132428787
193	firm	Landline	+922132465350
193	firm	Website	www.industrialequipments.com.pk
193	firm	Email	info@industrialequipments.com.pk
194	firm	Mobile	+923449108919
194	firm	Mobile	+923403787292
194	firm	Email	bbassociatesonline@gmail.com
167	firm	Landline	+922135612586
167	firm	Email	faizintlTECH@faizintl.com
167	firm	Email	faizintl@faizintl.com
15	firm	Landline	+925121113153
15	firm	Email	sales@digi-mac.com
15	firm	Website	www.digi-mac.com
21	firm	Mobile	+923002138831
98	firm	Landline	++922134375706
98	firm	Email	ipreadymix@live.com
101	firm	Landline	+922132270895
101	firm	Email	info@teknika.com.pk
101	firm	Website	www.teknika.com.pk
114	firm	Landline	+922134537390
114	firm	Landline	+922134530175
115	firm	Landline	+922132432007
115	firm	Mobile	+923012119984
115	firm	Mobile	+923072812131
115	firm	Email	coreengineering85@gmail.com
123	firm	Landline	+922134179461
123	firm	Email	info@uepl.com.pk
123	firm	Website	www.uepl.com.pk
139	firm	Landline	+922134570616
139	firm	Website	www.ttservices.com.pk
139	firm	Email	tts.enterprise@technologist.com
110	firm	Landline	+923334189276
110	firm	Landline	+923012383823
110	firm	Email	info@shoven.com.pk
110	firm	Website	www.shoven.com.pk
179	firm	Mobile	+923172825384
179	firm	Email	info@hexatec.com.pk
179	firm	Website	www.hexatec.com.pk
172	firm	Landline	+922134921166
172	firm	Email	info@win-tecs.com
172	firm	Email	mbs@win-tecs.com
172	firm	Email	mail@win-tecs.com
172	firm	Website	www.win.tecs.com
207	firm	Mobile	+923460359158
207	firm	Landline	+922132733176
207	firm	Email	zkhan2270@yahoo.com
200	firm	Landline	+923215055425
200	firm	Email	Auriga.pksol@gmail.com
165	firm	Mobile	+923361249416
165	firm	Website	www.avionics-expert.com
165	firm	Email	umder@avionics-expert.com
146	firm	Landline	+922136901717
146	firm	Website	www.facebook.com
169	firm	Mobile	+923453931282
169	firm	Landline	+922134330509
169	firm	Email	info@rahatpen.com.pk
169	firm	Website	www.Rahatpen.com.pk
140	firm	Mobile	+923212182900
35	firm	Landline	+92515160993.
152	firm	Mobile	+923343635061
152	firm	Mobile	+923243247527
152	firm	Email	mhshahenerprises061@gmail.com
66	firm	Mobile	+923156070718
164	firm	Mobile	+923212768492
164	firm	Email	arsandsons@hotmail.com
33	firm	Landline	+922134331008
17	firm	Mobile	+923333887803
17	firm	Landline	+922135248532
17	firm	Email	info@electromechpk.com
17	firm	Website	www.electromechpk.com
93	firm	Website	www.r-and-d.com
146	firm	Mobile	+923172825384
34	firm	Landline	+922135061004
73	office	Mobile	+923406093665
73	office	Email	shahnafees08@gmail.com
50	firm	Landline	+922134331008
50	firm	Email	info@dts.com.pk
33	firm	Email	info@rastek.com.pk
33	firm	Website	www.rastek.pk
33	firm	Website	www.rasta.edu.pk
\.


--
-- TOC entry 5269 (class 0 OID 28242)
-- Dependencies: 271
-- Data for Name: offices; Type: TABLE DATA; Schema: frm; Owner: postgres
--

COPY frm.offices (off_id, off_entity, off_xfrm_id, off_name, off_type, off_address, off_city) FROM stdin;
57	office	5	\N	Regional Office	A-1150 Gulshan -e- Hadeed, Phase-2 Bin Qasim Karachi, Pakistan	\N
58	office	24	\N	Regional Office	Office No 02, NWC Fleet Club Lucky Star, Saddar Karachi	\N
63	office	31	\N	Regional Office	Plot No A352, Sector 6-A Mehran Town Korangi Industrial Area, Karachi	\N
65	office	163	\N	Regional Office	Office No 4, Mehmood Abad Apartments, Behind Post Office, Keamari, Karachi	\N
74	office	174	\N	Regional Office	Flat No D-201, Plot No ST-21/2 B, Emiro Estate Building Sector 14/B, North Karachi	\N
78	office	82	\N	Regional Office	N-7, Five Star, Luxury Appartment, Block-14 Gulshan-e-Iqbal, Karachi	\N
87	office	15	\N	Head Office	220-A Street No 39, F-11/3, Islamabad	\N
92	office	114	\N	\N	\N	\N
91	office	114	\N	Regional Office	6-A Mohammad Ali Housing Society, A Azia Hashim Tabba Street, Karachi	\N
93	office	115	\N	Regional Office	Suit No M-193, Jilani Centre, M A Jinnah Road, Karachi	\N
95	office	139	\N	\N	Off M-14, Rafi Star Building, Shara-e-Faisal, Star Gate Karachi	\N
98	office	179	\N	Regional Office	Z-2, University Teacher Colony, Northern Bypass, Multan	\N
52	office	94		Head Office	Jejja	Islamab
56	office	18	\N	Head Office	71-B, Garden Block, New Garden Town, Lahore,Pakistan	Lahore
44	office	93		Head Office	176, Sector 23, Korangi Industrial AreaKarachi-74900 , Karachi, Pakistan	Karachi
45	office	90		Head Office	101, 1st Floor, Plot#37c, Lane 4, Stadium Commercial, Phase 5 , DHA, Karachi	Karachi
46	office	92		Head Office	Ground Floor, Portion E, Plot# C-4/A S.I.T.E Karachi , Pakistan	Karachi & Islamab
47	office	23			Plot#273-1/3 , Korangi Creek , Karachi Pakistan	
48	office	95		Head Office	Signatics put ltd, 201 Aria Plaza, Main Double Road, E-11/2 Islamabad	Islamabad
49	office	91		Head Office	Office#409, Clifton Karachi, DC-1, Khayaban-e-Roomi , Block 05, Clifton , Karachi , Pakistan	Karachi
50	office	8		Head Office	12/A Sector 26 Korangi Industrial Area karachi 74900 Pakistan	Karachi
51	office	17		Head Office	Faran Building C/5,201, 10th  Stree tKhayaban-e Shams Heer Commercial Area, Phase-V , DHA , Karachi	Karachi
97	office	179	\N	Head Office	Near Ayesha Masjid, Wara Sitar, Harbanspura Lahore	\N
106	office	66	\N	Regional Office	Plot No L60 Ibrahim Garden, Quaidabad, Malir Karachi	\N
105	office	135	\N	Regional Office	Suit No A-38 Salman Tower, Malir City Karachi	\N
104	office	152	\N	Regional Office	Shop No M-14, Plot No 248/1, Deh Saforan Mina Avenue Airport, Karachi, Malir	\N
68	office	35	\N	Head Office	Plaza 88, 5th Floor, Capital Business Avenue, Crimson Road, Street No 27-A Sector-, GT Road Islamabad	\N
102	office	140	\N	Regional Office	Office No M-14, Mateen Galaxy Mall, Rashid Minhas Road, Gulshan-e-Iqbal Karachi	\N
101	office	200	\N	Regional Office	Villa A-283, PIA Housing, Gulistan-e-Jauhar, Karachi	\N
103	office	140	\N	Head Office	Main Khushab Road Sargodha	\N
53	office	96		Head Office	 406, 4th Floor , Marine Pride , BC-2 , Block-7, Clifton Khayaban-e-Iqbal Karachi, 75500 Pakistan	Karachi
55	office	97	Main Office	Head Office	5th Floor, Amir Trade Center, Sindhi Muslim Cooperative Housing Society Block 2 PECHS, Karachi, Sindh	Karachi
61	office	162	\N	Regional Office	Suit No 302, Ahmed Arcade, BC-3 Block 5 Clifton, Karachi	\N
59	office	24	\N	Head Office	SF Unit 103, SITE Area, Karachi, Pakistan	\N
60	office	190	\N	Regional Office	Shop No 02, Farhan Dream Line, Block 16, Gulistan-e- Jauhar, Karachi, Pakistan	\N
62	office	185	\N	Regional Office	G-34 Naz Plaza, M A Jinnah Road, Karachi	\N
66	office	50	\N	Head Office	Office No 304, 3rd Floor, Azeem Mansion, Fazal-ul-Haque Road, Blue Area, Islamabad, Pakistan	\N
67	office	50	\N	Regional Office	\N	\N
99	office	172	\N	Regional Office	Office No 104, 4th Floor Habib Chamber, Main University Road, Karachi	\N
94	office	123	\N	Regional Office	A-38, Meezan Floor, Salman Tower, Malir City, Shahra-e-Faisal Karachi	\N
43	office	40		Regional Office	Room No 203, 204 2nd Floor Pakistan Airforce National Aerospace Science and Technology Park (NASTP), Shara-e- Faisal Karachi	Islamabad
69	office	108	\N	Regional Office	Plot No 109/110 Sector 15, (K.IA) Korangi, Industrial Area, Karachi	\N
70	office	68	\N	Regional Office	Plot No DP-17 Sector 6-B, New Karachi, Industrial Area, Karachi	\N
71	office	20	\N	Regional Office	H No R-14 STR 16 Sector 5G New Karachi,	\N
72	office	100	\N	Regional Office	Shop No 5, Lane No 5, DHA Phase V, Zamzama Building E-23 Karachi	\N
73	office	171	\N	Regional Office	House No B-44,  Hajji Natho Khoso Goth, Shah Faisal Town, Malir Halt, Karachi East	\N
107	office	164	\N	Regional Office	Office No 4, Mehmood Apartments, Behind Post Office, Keamari, Karachi	\N
90	office	101	\N	Head Office	Office No 324, 3rd Floor, Industrial Town Plaza, Shara-e-Liaquat Road Karachi	\N
42	office	40		Head Office	Room No 408, 415, 4th Floor Mahboob Chambers, Abdullah haroon Road, Saddar, Karachi	Karachi
89	office	98	\N	\N	S-92 Korangi, Model Industrial Area, Qayumabad, Karachi	\N
86	office	167	\N	Regional Office	503 Clifton Diamon, BC-10, Block 4, Opposite Domen Mall, Clifton, Karachi	\N
85	office	194	\N	Head Office	BB Building, Block-E Bhittai, Karachi Public School (KPS), Road Korangi Crossing Karachi	\N
84	office	193	\N	Head Office	Shop No 3, Opp Sindh Madarsa, Sharah-e-Liaquat, Industrial Town Plaza, Karachi	\N
83	office	47	\N	Regional Office	Nelson Chamber, I I Chundrigar Road, Karachi	\N
88	office	21	\N	Regional Office	1677/2 Azizabad, F.B Area, Karachi	\N
81	office	197	\N	Regional Office	Office No 1, F-C, 20/11 Commercial Area, Near Khilafat Chowk, Paposh Nagar, Nazimabad, Karachi	\N
80	office	178	\N	Head Office	West Wharf Road, Karachi	\N
82	office	34	\N	Regional Office	No 176, Sector 23, Korangi Industrial Area, Karachi	\N
77	office	52	\N	Regional Office	Plot 23 NC-25 DEH Ibrahim Hyderi Bin Qasim, Malir Karachi	\N
75	office	177	\N	Regional Office	Plot No AK-483, Sector 6B, Mehran Town Korangi, Industrial Area, Karachi	\N
79	office	12	\N	Regional Office	Suit No 80, 4th Floor, Habib Chamber, University Road, Near Civic Centre Gulshan-e-Iqbal, Karachi	\N
64	office	58	\N	Regional Office	Office A-49Mezzanine Floor, Salman Tower, Opp NADRA Office, National Highway, Malir, Karachi	\N
96	office	110	\N	Regional Office	Building No 05, Row-A, 2nd Floor, Sindh Jama Cooperative Society, National Highway, Bin Qasim Town, Karachi	\N
76	office	52	\N	Head Office	Office 86-C 4th Floor, 11th Commercial Street Main Khayaban-eIttehad, PH-II, DHA, Karachi	\N
108	office	196	\N	Regional Office	NHS Phase-I, Near Habib Metro Bank, Karsaz Karachi	\N
109	office	169	\N	Regional Office	GI/9 Malir Extension Colony, Karachi	\N
110	office	191	\N	Head Office	Near Ayesha Masjid, Wara Sitar, Harbanspura, Lahore	\N
111	office	191	\N	Regional Office	Z-2, University Teachers Colony, Northern Bypass, Multan	\N
112	office	146	\N	\N	Shop No 4, KDA Centre View Apartment, Sector 15-A, Bufferzone, Karachi	\N
113	office	89	\N	Regional Office	A/18 S.I.T.E Karachi, Pakistan	\N
114	office	147	\N	Head Office	Office 1, Basement, NHSP Plaza, Block 83, FazalUl Haq Road, Blue Area, Islamabad	\N
115	office	54	\N	Regional Office	301, Shawar Trade Centre, 72/S/2 Allama Iqbal Road, PECHS, Karachi	\N
116	office	88	\N	Regional Office	17-B Ramzan Plaza, Bank Road, Saddar, Rawalpindi	\N
118	office	79	\N	Regional Office	Zahid Building, 3rd Floor, A-26 Sector 11-B North Karachi	\N
119	office	33	\N	Regional Office	Classic Centre, C-15 Block-16, Gulshan-e-Iqbal, Main University Road, Karachi	\N
120	office	173	\N	Regional Office	Room No 310, 3rd Floor Japan Plaza, M A Jinnah Road Karachi	\N
117	office	2	\N	Regional Office	Flat No 7, Five Star Luxury Apartment Gulshan-e-Iqbal Block14, Karachi	\N
121	office	62	\N	Regional Office	Plot No A-128, Block No 13-D/2, Jamali Colony, Gulshan-e- Iqbal, Karachi	\N
122	office	55	\N	Regional Office	Suit No 306 Ahmed Arcade Block-5, Clifton, Karachi	\N
123	office	71	\N	Regional Office	ITC Plot No 10/2, Shop M-2, First Floor, Hasrat Mohani Road, Karachi	\N
124	office	59	\N	Regional Office	B-1/2, Block-2, Ground Floor, Al-Karam Square, Karachi	\N
125	office	212	\N	Regional Office	B-1/28, Block 2 Ground Floor, Karachi, Pakistan	\N
\.


--
-- TOC entry 5271 (class 0 OID 28249)
-- Dependencies: 273
-- Data for Name: persons; Type: TABLE DATA; Schema: frm; Owner: postgres
--

COPY frm.persons (per_id, per_entity, per_xfrm_id, per_title, per_name, per_desig, per_dept, per_exprt) FROM stdin;
12	person	40	Mr	Syed Hussain Sajjad	Director Sales and Marketing		
14	person	93	Mr	Rumi Moeez			
15	person	90	Mr	Ahad			
23	person	90	Dr	Bilal			
16	person	92	Mr	Shakaib Safvi			
17	person	23	Mr	Raja Sabri			
18	person	91	Mr	Sameer Hoodbuoy			
19	person	8	Mr	Sohail Ayub			
21	person	94	Dr	Nadeem			
24	person	94	Dr	Tauseef			
22	person	96	Capt (R)	Sajid Tareen			
25	person	97	Mr	M Usman	CTO		
26	person	97	Mr	M Waqas	CEO		\N
20	person	17	Mr	Mohazzab			
27	person	17	Mr	Qasim	\N	\N	\N
\.


--
-- TOC entry 5273 (class 0 OID 28256)
-- Dependencies: 275
-- Data for Name: projects; Type: TABLE DATA; Schema: frm; Owner: postgres
--

COPY frm.projects (prj_xfrm_id, prj_name, prj_scope, prj_awarddt, prj_status, prj_compdt, prj_tech, prj_cost) FROM stdin;
\.


--
-- TOC entry 5274 (class 0 OID 28263)
-- Dependencies: 276
-- Data for Name: specs; Type: TABLE DATA; Schema: frm; Owner: postgres
--

COPY frm.specs (spc_xfrm_id, spc_spec) FROM stdin;
17	PCBs & Electronics
40	Defence supplier
93	Manufacturing
93	Systems
90	UAVs
92	Electronics
92	Embedded System
92	Software
23	UAVs
95	Communications Systems
95	Elactronics
95	Embedded
91	Software
91	System
8	Manufacturing
94	RF Equipments
96	UAVs
97	Augmented Reality
97	Software
185	Geneal Order Supplier
174	Geneal Order Supplier
177	Importer & Distributer Services & General Order Supplier
178	Manufacturing
197	Provision of Transport Facility
34	Defence supplier
194	Engineers, Contractors, Suppliers, Constructors & Transport
167	Reconditioning of Mechanical
21	PCBs & Electronics
66	Elactronics
52	Manufacturing
101	Engineering Solution Provider
20	Deals in Furniture, Fixture Electronics & General Order Suppliers
115	Engineer & Builders
123	Engineer & Builders
139	Manufacturing
110	Engineer & Builders
179	Specilization in Electrical & Mechanical
18	Appliances, Electrical & Electronic Manufacturing
31	Geneal Order Supplier
47	Deals in Transport Facility
58	Infrastructure and Engineering Services
172	Delas in Electronics Items and General Order Suppliers
200	Deals in Electrical and Electronics
171	General Order Supplier
82	Geneal Order Supplier
192	Power Equipment Distributor
165	Deals in Electronics Iems
146	Defence supplier
169	Manufacturing
140	Construction Company
35	Deals in Electrical and Electronics
152	Geneal Order Supplier
135	Deals in Furniture, Fixture Electronics & General Order Suppliers
12	PCBs & Electronics
193	Communications Systems
24	Appliances, Electrical & Electronic Manufacturing
33	Elactronics
164	General Order Supplier
196	All Types of Electronic Accessories & Computer, Laptop, Fiber Optics Network, CCTV & General Order Suppliers
191	Deals in Electrical & Mechanical
98	Deals in Construction & Manufacturing
89	Deals in Steel & Iron Works
15	PCBs & Electronics
147	Electronicsn & It Equipment
143	Systems
54	Deals in Electrical and Electronics
88	Deals in Scientific & Analytical Equipments
5	Geneal Order Supplier
114	Construction Company
162	Systems
100	Geneal Order Supplier
190	Geneal Order Supplier
61	Manufacturers and General Order Suppliers
163	Government & Private Contractor
163	Deals in Civil, Electrical, Mechanical, Marine, IT and General Works
50	RF Equipments
79	Mechanical, Electrical, Civil, Wooden & Industrial Paint Works
108	Air Control Technology
173	Importers, Stockiest & General Order Suppliers
2	Geneal Order Supplier & Technical Supporter
13	Importer & Distributer Services & General Order Supplier
62	Power Equipment Distributor
55	Importer & Distributer Services & General Order Supplier
71	Geneal Order Supplier
59	Geneal Order Supplier
212	Geneal Order Supplier
215	Manufacturing
\.


--
-- TOC entry 5280 (class 0 OID 0)
-- Dependencies: 269
-- Name: firmz_1_frm_id_seq; Type: SEQUENCE SET; Schema: frm; Owner: postgres
--

SELECT pg_catalog.setval('frm.firmz_1_frm_id_seq', 216, true);


--
-- TOC entry 5281 (class 0 OID 0)
-- Dependencies: 272
-- Name: offices_1_off_id_seq; Type: SEQUENCE SET; Schema: frm; Owner: postgres
--

SELECT pg_catalog.setval('frm.offices_1_off_id_seq', 125, true);


--
-- TOC entry 5282 (class 0 OID 0)
-- Dependencies: 274
-- Name: persons_1_per_id_seq; Type: SEQUENCE SET; Schema: frm; Owner: postgres
--

SELECT pg_catalog.setval('frm.persons_1_per_id_seq', 27, true);


--
-- TOC entry 5098 (class 2606 OID 29016)
-- Name: facils facils_pk; Type: CONSTRAINT; Schema: frm; Owner: postgres
--

ALTER TABLE ONLY frm.facils
    ADD CONSTRAINT facils_pk PRIMARY KEY (fcl_xfrm_id, fcl_facil);


--
-- TOC entry 5100 (class 2606 OID 29018)
-- Name: firmz firmz_pk; Type: CONSTRAINT; Schema: frm; Owner: postgres
--

ALTER TABLE ONLY frm.firmz
    ADD CONSTRAINT firmz_pk PRIMARY KEY (frm_id);


--
-- TOC entry 5102 (class 2606 OID 29020)
-- Name: firmz firmz_un; Type: CONSTRAINT; Schema: frm; Owner: postgres
--

ALTER TABLE ONLY frm.firmz
    ADD CONSTRAINT firmz_un UNIQUE (frm_name);


--
-- TOC entry 5104 (class 2606 OID 29022)
-- Name: info info_pk; Type: CONSTRAINT; Schema: frm; Owner: postgres
--

ALTER TABLE ONLY frm.info
    ADD CONSTRAINT info_pk PRIMARY KEY (inf_xmsc_id, inf_xmsc_entity, inf_type, inf_value);


--
-- TOC entry 5106 (class 2606 OID 29024)
-- Name: offices offices_pk; Type: CONSTRAINT; Schema: frm; Owner: postgres
--

ALTER TABLE ONLY frm.offices
    ADD CONSTRAINT offices_pk PRIMARY KEY (off_id);


--
-- TOC entry 5108 (class 2606 OID 29026)
-- Name: persons persons_pk; Type: CONSTRAINT; Schema: frm; Owner: postgres
--

ALTER TABLE ONLY frm.persons
    ADD CONSTRAINT persons_pk PRIMARY KEY (per_id);


--
-- TOC entry 5110 (class 2606 OID 29028)
-- Name: projects projects_pk; Type: CONSTRAINT; Schema: frm; Owner: postgres
--

ALTER TABLE ONLY frm.projects
    ADD CONSTRAINT projects_pk PRIMARY KEY (prj_xfrm_id, prj_name);


--
-- TOC entry 5112 (class 2606 OID 29030)
-- Name: specs specs_pk; Type: CONSTRAINT; Schema: frm; Owner: postgres
--

ALTER TABLE ONLY frm.specs
    ADD CONSTRAINT specs_pk PRIMARY KEY (spc_xfrm_id, spc_spec);


--
-- TOC entry 5113 (class 2606 OID 29191)
-- Name: facils facils_fk; Type: FK CONSTRAINT; Schema: frm; Owner: postgres
--

ALTER TABLE ONLY frm.facils
    ADD CONSTRAINT facils_fk FOREIGN KEY (fcl_xfrm_id) REFERENCES frm.firmz(frm_id) ON UPDATE CASCADE ON DELETE CASCADE;


--
-- TOC entry 5114 (class 2606 OID 29196)
-- Name: offices offices_fk; Type: FK CONSTRAINT; Schema: frm; Owner: postgres
--

ALTER TABLE ONLY frm.offices
    ADD CONSTRAINT offices_fk FOREIGN KEY (off_xfrm_id) REFERENCES frm.firmz(frm_id) ON UPDATE CASCADE ON DELETE CASCADE;


--
-- TOC entry 5115 (class 2606 OID 29201)
-- Name: persons persons_fk; Type: FK CONSTRAINT; Schema: frm; Owner: postgres
--

ALTER TABLE ONLY frm.persons
    ADD CONSTRAINT persons_fk FOREIGN KEY (per_xfrm_id) REFERENCES frm.firmz(frm_id) ON UPDATE CASCADE ON DELETE CASCADE;


--
-- TOC entry 5116 (class 2606 OID 29206)
-- Name: projects projects_fk; Type: FK CONSTRAINT; Schema: frm; Owner: postgres
--

ALTER TABLE ONLY frm.projects
    ADD CONSTRAINT projects_fk FOREIGN KEY (prj_xfrm_id) REFERENCES frm.firmz(frm_id) ON UPDATE CASCADE ON DELETE CASCADE;


--
-- TOC entry 5117 (class 2606 OID 29211)
-- Name: specs specs_fk; Type: FK CONSTRAINT; Schema: frm; Owner: postgres
--

ALTER TABLE ONLY frm.specs
    ADD CONSTRAINT specs_fk FOREIGN KEY (spc_xfrm_id) REFERENCES frm.firmz(frm_id) ON UPDATE CASCADE ON DELETE CASCADE;


-- Completed on 2026-01-19 08:52:00

--
-- PostgreSQL database dump complete
--

\unrestrict 4vem4fErciDBfczveCtFACSMqNbd1jgUakO0z5bZW4YaB0c0A5Hy45h9eR7W5MY

